ID,BRANCH SCHOOL,LEARNING CENTER,TUTOR,HEAD TEACHER,ONLINE,OFFLINE
1,Sheker'S IAS Study Circle,Accord School,2,2,5,1
2,KARTHIK INSTITUTE OF POLICE COACHING,Akshra English Medium School,3,1,3,3
3,CAREER LAUNCHER,Narayana Junior College,2,3,3,2
4,AAKASH INSTITUTE OF MEDICAL IIT - JEE,S V Defence Academy,1,4,2,3
5,ANALYST IAS ACADEMY,Anjali Junior College,3,1,2,6
6,VIGNESH COACHING CENTRE,Accord School,4,4,2,1
7,EMINENT COACHING CENTRE,S V Defence Academy,2,2,4,6
8,PANDITHA SUDHA COACHING CENTRE,Ashwamedha Junior College & Neet Medical Academy ,3,2,3,6
9,BANKERS ADD,Academic Heights Public School - AHPS,2,2,5,4
10,SKILL WORLD COMPUTERS,SEICOM JUNIOR & DEGREE & PG COLLEGE & CIVILS ACADEMY ,4,2,5,5
11,SRI VISWAM COACHING CENTRE,Nri Academy,2,1,1,4
12,NIIT,Akshara High School,3,4,2,6
13,ANALYST IAS ACADEMY,Ashwamedha Junior College & Neet Medical Academy ,4,4,1,2
14,C L CAREER LAUNCHER,Nri Academy,1,2,5,5
15,SKILL WORLD COMPUTERS,Akshra English Medium School,1,3,1,1
16,KARTHIK INSTITUTE OF POLICE COACHING,Sri Chaitanya Junior College ,4,1,4,1
17,JB INSTITUTE FOR COMPETITVE EXAMS,Accord School,1,2,1,3
18,SREEDHAR'S CCE,SDHR Junior & Degree & Pg College ,2,2,2,4
19,CONDUIRA EDUCATION & TRAINING SERVICES PVT. LTD.,Anu Vocational Junior College,4,3,1,1
20,SHINE IAS STUDY CIRCLE,SDHR Junior & Degree & Pg College ,3,1,4,5
21,SAIMEDHA GATE COACHING CENTER,Anjali Junior College,3,4,4,3
22,PANDITHA SUDHA COACHING CENTRE,Sri Chaitanya Junior College ,1,3,3,2
23,MAHENDRA EDUCATIONAL PVT LTD,Arunodaya High School,4,1,5,2
24,MAHENDRA EDUCATIONAL PVT LTD,Akshara High School,3,1,3,3
25,TALENTSPRINT PVT. LTD,Akshra English Medium School,4,3,2,4
26,SRI VISWAM COACHING CENTRE,Narayana Junior College,3,2,4,3
27,SRI KRISHNAVENI COACHING CENTRE,Anu Vocational Junior College,2,1,1,3
28,SRI KRISHNAVENI COACHING CENTRE,Sri Padmavathi Women's Junior College ,2,1,1,2
29,SHINE IAS STUDY CIRCLE,Sri Padmavathi Women's Junior College ,4,1,1,2
30,T.I.M.E. (TRIUMPHANT INSTITUTE OF MANAGEMENT EDUCATION),Nri Academy,2,2,2,1
31,SAIMEDHA EDUCATIONAL INSTITUTE,Anjali Junior College,2,3,2,1
32,DAMS SKY,Narayana Junior College,3,4,1,1
33,VIGNESH COACHING CENTRE,Sri Padmavathi Women's Junior College ,4,4,3,4
34,MAHENDRA EDUCATIONAL PVT LTD,Akshara High School,2,4,4,1
35,ROLLER SPORTS COACHING CENTRE,Sri Padmavathi Women's Junior College ,1,2,1,5
36,VIVEK COACHING CENTRE,S V Defence Academy,1,4,5,2
37,VIVEK COACHING CENTRE,Alpha Gamma Sigma Junior College,3,4,4,4
38,EMINENT COACHING CENTRE,Narayana Junior College,1,4,3,6
39,KARTHIK INSTITUTE OF POLICE COACHING,Sri Padmavathi Women's Junior College ,1,4,2,2
40,ACADEMY OF MATHEMATICS AND STATISTICS,Anjali Junior College,1,4,3,4
41,VIVEK COACHING CENTRE,Anu Vocational Junior College,4,1,1,2
42,MY CAREER POINT,Nri Academy,3,4,2,5
43,SRI VISWAM COACHING CENTRE,S V Defence Academy,1,2,5,1
44,ROLLER SPORTS COACHING CENTRE,Anu Vocational Junior College,4,4,4,2
45,JB INSTITUTE FOR COMPETITVE EXAMS,Narayana Junior College,1,2,1,4
46,SKILL WORLD COMPUTERS,Arunodaya High School,1,4,3,3
47,DAMS SKY,Sri Chaitanya Junior College ,4,1,5,5
48,T.I.M.E. (TRIUMPHANT INSTITUTE OF MANAGEMENT EDUCATION),SDHR Junior & Degree & Pg College ,3,2,2,6
49,TALENTSPRINT PVT. LTD,S V Defence Academy,2,2,4,3
50,KSRM COACHING CENTER,S V Defence Academy,1,3,5,4
51,EMINENT COACHING CENTRE,Arunodaya High School,1,1,4,3
52,AAKASH INSTITUTE OF MEDICAL IIT - JEE,Nri Academy,1,2,2,5
53,ACE ENGINEERING ACADEMY,S V Defence Academy,1,1,3,1
54,SREEDHAR'S CCE,Anjali Junior College,1,3,4,5
55,RADHAKRISHNA EDUCATIONAL INSTITUTES,S V Defence Academy,3,1,4,2
56,IGNITE ACADEMY,Narayana Junior College,3,2,5,2
57,BANKERS ADD,Anjali Junior College,4,3,5,1
58,SRI VISWAM COACHING CENTRE,Anjali Junior College,2,1,5,3
59,BANKER'S ADDA,Alpha Gamma Sigma Junior College,2,2,3,3
60,CAREER LAUNCHER,Anu Vocational Junior College,4,4,1,5
61,SHINE IAS STUDY CIRCLE,Arunodaya High School,4,1,4,2
62,PANDITHA SUDHA COACHING CENTRE,Akshara High School,4,3,3,4
63,MY CAREER POINT,Sri Chaitanya Junior College ,1,1,1,2
64,RADHAKRISHNA EDUCATIONAL INSTITUTES,Arunodaya High School,2,1,4,2
65,MY CAREER POINT,Sri Chaitanya Junior College ,3,3,3,2
66,DAMS SKY,SEICOM JUNIOR & DEGREE & PG COLLEGE & CIVILS ACADEMY ,4,4,1,3
67,RADHAKRISHNA EDUCATIONAL INSTITUTES,SEICOM JUNIOR & DEGREE & PG COLLEGE & CIVILS ACADEMY ,4,4,3,4
68,SRI VISWAM COACHING CENTRE,Sri Padmavathi Women's Junior College ,4,2,2,4
69,SKILL WORLD COMPUTERS,Anu Vocational Junior College,3,4,2,6
70,DR. LAKSHMAIAH IAS STUDY CIRCLE,Academic Heights Public School - AHPS,2,2,5,2
71,SREEDHAR'S CCE,Anu Vocational Junior College,2,4,2,5
72,VIGNESH COACHING CENTRE,Akshara High School,3,2,2,5
73,IGNITE ACADEMY,Arunodaya High School,4,1,3,5
74,SAIMEDHA EDUCATIONAL INSTITUTE,Academic Heights Public School - AHPS,1,3,2,5
75,VIVEK COACHING CENTRE,Akshara High School,1,2,2,3
76,BANKERS ADD,Arunodaya High School,3,4,4,5
77,PANDITHA SUDHA COACHING CENTRE,SDHR Junior & Degree & Pg College ,4,4,2,3
78,BANKERS ADD,Sri Chaitanya Junior College ,2,1,3,3
79,CONDUIRA EDUCATION & TRAINING SERVICES PVT. LTD.,Ashwamedha Junior College & Neet Medical Academy ,2,3,2,5
80,DR. LAKSHMAIAH IAS STUDY CIRCLE,Sri Padmavathi Women's Junior College ,1,1,5,3
81,DR. LAKSHMAIAH IAS STUDY CIRCLE,Sri Chaitanya Junior College ,1,2,1,1
82,CONDUIRA EDUCATION & TRAINING SERVICES PVT. LTD.,Accord School,3,3,4,3
83,VIGNESH COACHING CENTRE,Alpha Gamma Sigma Junior College,4,1,1,3
84,SREEDHAR'S CCE,Academic Heights Public School - AHPS,1,3,3,3
85,JB INSTITUTE FOR COMPETITVE EXAMS,Academic Heights Public School - AHPS,3,1,4,5
86,ANALYST IAS ACADEMY,Sri Padmavathi Women's Junior College ,4,2,3,4
87,ANALYST IAS ACADEMY,S V Defence Academy,1,3,1,3
88,SREEDHAR'S CCE,S V Defence Academy,1,2,5,1
89,C L CAREER LAUNCHER,Akshara High School,1,2,1,3
90,KARTHIK INSTITUTE OF POLICE COACHING,S V Defence Academy,4,3,3,3
91,SREEDHAR'S CCE,Academic Heights Public School - AHPS,1,1,1,3
92,DAMS SKY,Sri Chaitanya Junior College ,4,4,1,5
93,ROLLER SPORTS COACHING CENTRE,SEICOM JUNIOR & DEGREE & PG COLLEGE & CIVILS ACADEMY ,2,1,5,6
94,DAMS SKY,Akshara High School,4,1,2,6
95,EMINENT COACHING CENTRE,Ashwamedha Junior College & Neet Medical Academy ,4,3,4,1
96,BANKERS ADD,Sri Chaitanya Junior College ,4,3,3,3
97,EMINENT COACHING CENTRE,S V Defence Academy,2,4,2,6
98,ROLLER SPORTS COACHING CENTRE,Narayana Junior College,1,1,5,1
99,SAIMEDHA EDUCATIONAL INSTITUTE,Anu Vocational Junior College,2,4,1,6
100,DAMS SKY,Accord School,1,1,3,5
101,BANKERS ADD,Anjali Junior College,1,3,5,6
102,MAHENDRA EDUCATIONAL PVT LTD,Narayana Junior College,3,3,1,4
103,POORNASAI COACHING,Sri Chaitanya Junior College ,4,2,2,6
104,VIGNESH COACHING CENTRE,Alpha Gamma Sigma Junior College,2,2,5,1
105,GURU SAI COACHING CENTER,Anjali Junior College,1,4,4,5
106,ACE ENGINEERING ACADEMY,Narayana Junior College,4,2,4,3
107,SKILL WORLD COMPUTERS,Alpha Gamma Sigma Junior College,1,1,3,4
108,NIIT,SEICOM JUNIOR & DEGREE & PG COLLEGE & CIVILS ACADEMY ,2,2,4,2
109,ROLLER SPORTS COACHING CENTRE,Narayana Junior College,2,4,1,6
110,JB INSTITUTE FOR COMPETITVE EXAMS,Arunodaya High School,1,3,2,4
111,ACADEMY OF MATHEMATICS AND STATISTICS,Narayana Junior College,2,2,2,3
112,VIVEK COACHING CENTRE,Sri Chaitanya Junior College ,1,4,2,2
113,EMINENT COACHING CENTRE,Accord School,3,3,2,2
114,SRI VISWAM COACHING CENTRE,Accord School,2,3,2,5
115,ACE ENGINEERING ACADEMY,S V Defence Academy,4,2,3,1
116,BANKER'S ADDA,Ashwamedha Junior College & Neet Medical Academy ,2,3,4,1
117,SRI VISWAM COACHING CENTRE,Anu Vocational Junior College,1,1,4,4
118,CAREER LAUNCHER,Akshra English Medium School,4,3,1,4
119,CONDUIRA EDUCATION & TRAINING SERVICES PVT. LTD.,Alpha Gamma Sigma Junior College,2,1,4,6
120,ANALYST IAS ACADEMY,Akshara High School,4,2,3,6
121,AAKASH INSTITUTE OF MEDICAL IIT - JEE,SDHR Junior & Degree & Pg College ,4,4,3,4
122,BANKER'S ADDA,Arunodaya High School,2,3,1,2
123,SREEDHAR'S CCE,Sri Chaitanya Junior College ,3,4,1,2
124,SRI VISWAM COACHING CENTRE,Nri Academy,4,3,5,2
125,MY CAREER POINT,Anu Vocational Junior College,1,2,2,4
126,JB INSTITUTE FOR COMPETITVE EXAMS,Arunodaya High School,3,1,3,2
127,KSRM COACHING CENTER,Akshra English Medium School,3,2,1,3
128,MAHENDRA EDUCATIONAL PVT LTD,SEICOM JUNIOR & DEGREE & PG COLLEGE & CIVILS ACADEMY ,4,4,4,4
129,NIIT,Accord School,1,3,5,5
130,BANKER'S ADDA,Alpha Gamma Sigma Junior College,2,1,4,6
131,C L CAREER LAUNCHER,SDHR Junior & Degree & Pg College ,2,3,3,1
132,POORNASAI COACHING,Nri Academy,3,4,2,6
133,RADHAKRISHNA EDUCATIONAL INSTITUTES,Ashwamedha Junior College & Neet Medical Academy ,2,2,2,3
134,SHINE IAS STUDY CIRCLE,Sri Chaitanya Junior College ,4,2,3,5
135,SAIMEDHA EDUCATIONAL INSTITUTE,Sri Chaitanya Junior College ,2,2,3,1
136,KARTHIK INSTITUTE OF POLICE COACHING,Sri Chaitanya Junior College ,4,4,5,4
137,SHINE IAS STUDY CIRCLE,SEICOM JUNIOR & DEGREE & PG COLLEGE & CIVILS ACADEMY ,3,1,5,5
138,BANKERS ADD,Narayana Junior College,4,1,5,1
139,TALENTSPRINT PVT. LTD,Sri Padmavathi Women's Junior College ,4,1,2,5
140,GURU SAI COACHING CENTER,Sri Padmavathi Women's Junior College ,2,4,3,6
141,SAIMEDHA EDUCATIONAL INSTITUTE,Narayana Junior College,3,2,3,6
142,MY CAREER POINT,Accord School,4,3,2,1
143,SKILL WORLD COMPUTERS,Alpha Gamma Sigma Junior College,2,1,2,5
144,SAIMEDHA GATE COACHING CENTER,Anu Vocational Junior College,2,3,5,2
145,SAIMEDHA EDUCATIONAL INSTITUTE,Sri Chaitanya Junior College ,4,1,1,4
146,ACADEMY OF MATHEMATICS AND STATISTICS,SEICOM JUNIOR & DEGREE & PG COLLEGE & CIVILS ACADEMY ,1,1,5,5
147,BANKER'S ADDA,S V Defence Academy,2,4,1,2
148,POORNASAI COACHING,Sri Chaitanya Junior College ,1,3,4,5
149,CAREER LAUNCHER,S V Defence Academy,4,3,4,3
150,MAHENDRA EDUCATIONAL PVT LTD,SDHR Junior & Degree & Pg College ,4,3,5,3
151,BHARATH DEFENCE COACHING CENTRE,Anjali Junior College,2,4,4,1
152,SHINE IAS STUDY CIRCLE,Anu Vocational Junior College,4,4,1,2
153,MY CAREER POINT,Sri Padmavathi Women's Junior College ,4,4,1,2
154,BANKERS ADD,Accord School,4,4,1,3
155,CAREER LAUNCHER,Anu Vocational Junior College,1,3,5,4
156,KARTHIK INSTITUTE OF POLICE COACHING,SEICOM JUNIOR & DEGREE & PG COLLEGE & CIVILS ACADEMY ,1,1,1,4
157,DR. LAKSHMAIAH IAS STUDY CIRCLE,Anjali Junior College,1,3,2,6
158,RADHAKRISHNA EDUCATIONAL INSTITUTES,Ashwamedha Junior College & Neet Medical Academy ,2,2,2,3
159,SAIMEDHA EDUCATIONAL INSTITUTE,Academic Heights Public School - AHPS,4,4,4,1
160,BHARATH DEFENCE COACHING CENTRE,Nri Academy,2,2,1,6
161,SRI KRISHNAVENI COACHING CENTRE,Sri Padmavathi Women's Junior College ,4,2,4,6
162,ANALYST IAS ACADEMY,Nri Academy,4,1,1,1
163,CONDUIRA EDUCATION & TRAINING SERVICES PVT. LTD.,Alpha Gamma Sigma Junior College,4,4,4,5
164,CONDUIRA EDUCATION & TRAINING SERVICES PVT. LTD.,Alpha Gamma Sigma Junior College,1,1,4,4
165,MAHENDRA EDUCATIONAL PVT LTD,Nri Academy,4,4,4,2
166,AAKASH INSTITUTE OF MEDICAL IIT - JEE,Sri Padmavathi Women's Junior College ,4,2,3,5
167,DR. LAKSHMAIAH IAS STUDY CIRCLE,SEICOM JUNIOR & DEGREE & PG COLLEGE & CIVILS ACADEMY ,3,2,1,2
168,ROLLER SPORTS COACHING CENTRE,Accord School,4,2,3,6
169,ANALYST IAS ACADEMY,SEICOM JUNIOR & DEGREE & PG COLLEGE & CIVILS ACADEMY ,4,3,4,6
170,SHINE IAS STUDY CIRCLE,Sri Padmavathi Women's Junior College ,2,4,1,1
171,SKILL WORLD COMPUTERS,Alpha Gamma Sigma Junior College,3,3,1,4
172,MAHENDRA EDUCATIONAL PVT LTD,Accord School,4,2,2,3
173,GURU SAI COACHING CENTER,SDHR Junior & Degree & Pg College ,4,4,2,1
174,T.I.M.E. (TRIUMPHANT INSTITUTE OF MANAGEMENT EDUCATION),Alpha Gamma Sigma Junior College,4,3,3,4
175,VIGNESH COACHING CENTRE,Anu Vocational Junior College,4,3,4,5
176,VIGNESH COACHING CENTRE,Accord School,4,4,2,2
177,T.I.M.E. (TRIUMPHANT INSTITUTE OF MANAGEMENT EDUCATION),Akshara High School,2,1,3,1
178,SRI VISWAM COACHING CENTRE,Arunodaya High School,4,3,2,2
179,KSRM COACHING CENTER,S V Defence Academy,2,3,1,4
180,SKILL WORLD COMPUTERS,Anjali Junior College,3,2,2,4
181,ELITE POLYTECHNIC & APRJC COACHING CENTRE,Akshara High School,1,4,3,2
182,DAMS SKY,Akshra English Medium School,1,3,2,1
183,SRI KRISHNAVENI COACHING CENTRE,S V Defence Academy,3,4,2,4
184,BANKERS ADD,Alpha Gamma Sigma Junior College,4,1,1,6
185,SHINE IAS STUDY CIRCLE,Anjali Junior College,2,1,5,1
186,AAKASH INSTITUTE OF MEDICAL IIT - JEE,Ashwamedha Junior College & Neet Medical Academy ,2,1,3,4
187,GURU SAI COACHING CENTER,Sri Padmavathi Women's Junior College ,2,1,3,3
188,ACADEMY OF MATHEMATICS AND STATISTICS,Akshra English Medium School,3,3,1,3
189,ROLLER SPORTS COACHING CENTRE,Akshra English Medium School,4,3,2,4
190,DR. LAKSHMAIAH IAS STUDY CIRCLE,Accord School,3,1,2,6
191,POORNASAI COACHING,Academic Heights Public School - AHPS,4,4,3,2
192,SAIMEDHA EDUCATIONAL INSTITUTE,Arunodaya High School,1,1,4,5
193,C L CAREER LAUNCHER,Anjali Junior College,2,2,1,3
194,AAKASH INSTITUTE OF MEDICAL IIT - JEE,Arunodaya High School,2,2,2,5
195,C L CAREER LAUNCHER,Accord School,4,3,4,1
196,POORNASAI COACHING,Anjali Junior College,2,4,2,4
197,SAIMEDHA EDUCATIONAL INSTITUTE,Akshra English Medium School,4,2,3,2
198,PANDITHA SUDHA COACHING CENTRE,Anu Vocational Junior College,2,4,3,3
199,KSRM COACHING CENTER,Accord School,4,2,2,2
200,DR. LAKSHMAIAH IAS STUDY CIRCLE,Akshra English Medium School,1,2,4,3
201,BHARATH DEFENCE COACHING CENTRE,S V Defence Academy,2,3,1,1
202,POORNASAI COACHING,Alpha Gamma Sigma Junior College,4,1,2,3
203,EMINENT COACHING CENTRE,Anu Vocational Junior College,4,3,5,5
204,MY CAREER POINT,Nri Academy,4,2,5,5
205,VIGNESH COACHING CENTRE,Nri Academy,2,4,5,6
206,SHINE IAS STUDY CIRCLE,Sri Padmavathi Women's Junior College ,3,2,3,2
207,SRI VISWAM COACHING CENTRE,Akshara High School,4,4,5,5
208,ROLLER SPORTS COACHING CENTRE,Narayana Junior College,2,1,5,2
209,Sheker'S IAS Study Circle,SDHR Junior & Degree & Pg College ,4,4,4,1
210,SAIMEDHA EDUCATIONAL INSTITUTE,Narayana Junior College,2,3,5,2
211,ACADEMY OF MATHEMATICS AND STATISTICS,Ashwamedha Junior College & Neet Medical Academy ,4,4,1,6
212,Sheker'S IAS Study Circle,Anu Vocational Junior College,4,3,5,1
213,MAHENDRA EDUCATIONAL PVT LTD,Alpha Gamma Sigma Junior College,4,4,5,2
214,ANALYST IAS ACADEMY,Anu Vocational Junior College,3,4,4,5
215,NIIT,Accord School,1,4,3,2
216,PANDITHA SUDHA COACHING CENTRE,Akshara High School,4,4,3,1
217,TALENTSPRINT PVT. LTD,Alpha Gamma Sigma Junior College,4,4,1,1
218,EMINENT COACHING CENTRE,Sri Padmavathi Women's Junior College ,4,4,3,3
219,SREEDHAR'S CCE,Ashwamedha Junior College & Neet Medical Academy ,3,1,3,3
220,ACE ENGINEERING ACADEMY,Akshara High School,3,4,4,1
221,MAHENDRA EDUCATIONAL PVT LTD,SEICOM JUNIOR & DEGREE & PG COLLEGE & CIVILS ACADEMY ,3,2,2,2
222,ANALYST IAS ACADEMY,Alpha Gamma Sigma Junior College,4,2,4,6
223,TALENTSPRINT PVT. LTD,Sri Chaitanya Junior College ,4,1,4,4
224,VIGNESH COACHING CENTRE,Arunodaya High School,3,3,3,5
225,JB INSTITUTE FOR COMPETITVE EXAMS,Akshra English Medium School,3,3,3,4
226,MY CAREER POINT,Anu Vocational Junior College,2,2,4,5
227,IGNITE ACADEMY,Akshara High School,3,4,4,2
228,ACE ENGINEERING ACADEMY,Arunodaya High School,3,1,2,2
229,IGNITE ACADEMY,Arunodaya High School,4,2,1,1
230,SAIMEDHA EDUCATIONAL INSTITUTE,SDHR Junior & Degree & Pg College ,2,1,2,3
231,SRI VISWAM COACHING CENTRE,Academic Heights Public School - AHPS,2,3,2,5
232,SAIMEDHA GATE COACHING CENTER,Anjali Junior College,4,3,2,4
233,POORNASAI COACHING,Narayana Junior College,1,2,1,3
234,TALENTSPRINT PVT. LTD,Accord School,4,1,5,4
235,BHARATH DEFENCE COACHING CENTRE,Sri Padmavathi Women's Junior College ,2,3,3,1
236,JB INSTITUTE FOR COMPETITVE EXAMS,Ashwamedha Junior College & Neet Medical Academy ,3,4,2,2
237,ACE ENGINEERING ACADEMY,Sri Chaitanya Junior College ,1,4,3,4
238,KARTHIK INSTITUTE OF POLICE COACHING,Akshra English Medium School,4,1,5,3
239,CAREER LAUNCHER,Ashwamedha Junior College & Neet Medical Academy ,2,4,5,5
240,DAMS SKY,Alpha Gamma Sigma Junior College,1,3,5,5
241,ELITE POLYTECHNIC & APRJC COACHING CENTRE,SDHR Junior & Degree & Pg College ,3,1,3,3
242,DAMS SKY,Sri Padmavathi Women's Junior College ,1,4,1,4
243,SREEDHAR'S CCE,Anjali Junior College,2,4,3,3
244,SREEDHAR'S CCE,Sri Padmavathi Women's Junior College ,2,3,5,6
245,ELITE POLYTECHNIC & APRJC COACHING CENTRE,Akshra English Medium School,3,1,3,2
246,SAIMEDHA GATE COACHING CENTER,SDHR Junior & Degree & Pg College ,2,2,5,1
247,NIIT,Narayana Junior College,1,3,2,1
248,DAMS SKY,Nri Academy,2,4,1,6
249,SRI KRISHNAVENI COACHING CENTRE,SEICOM JUNIOR & DEGREE & PG COLLEGE & CIVILS ACADEMY ,2,4,5,5
250,SREEDHAR'S CCE,Sri Chaitanya Junior College ,2,1,2,5
251,TALENTSPRINT PVT. LTD,SEICOM JUNIOR & DEGREE & PG COLLEGE & CIVILS ACADEMY ,2,2,5,5
252,SAIMEDHA GATE COACHING CENTER,Sri Chaitanya Junior College ,2,4,1,5
253,CONDUIRA EDUCATION & TRAINING SERVICES PVT. LTD.,Anjali Junior College,2,2,1,3
254,JB INSTITUTE FOR COMPETITVE EXAMS,Narayana Junior College,4,4,2,5
255,BHARATH DEFENCE COACHING CENTRE,SEICOM JUNIOR & DEGREE & PG COLLEGE & CIVILS ACADEMY ,4,2,4,6
256,T.I.M.E. (TRIUMPHANT INSTITUTE OF MANAGEMENT EDUCATION),SDHR Junior & Degree & Pg College ,3,2,5,5
257,GURU SAI COACHING CENTER,Academic Heights Public School - AHPS,3,3,2,5
258,KSRM COACHING CENTER,Akshara High School,2,1,5,2
259,BANKERS ADD,Narayana Junior College,2,3,3,3
260,BANKER'S ADDA,Sri Chaitanya Junior College ,4,3,2,2
261,BANKER'S ADDA,Ashwamedha Junior College & Neet Medical Academy ,3,3,1,6
262,EMINENT COACHING CENTRE,Anu Vocational Junior College,3,3,2,5
263,EMINENT COACHING CENTRE,Sri Chaitanya Junior College ,2,2,3,5
264,ELITE POLYTECHNIC & APRJC COACHING CENTRE,Akshara High School,3,3,3,2
265,IGNITE ACADEMY,Ashwamedha Junior College & Neet Medical Academy ,3,2,3,1
266,SAIMEDHA EDUCATIONAL INSTITUTE,Akshra English Medium School,4,2,4,4
267,TALENTSPRINT PVT. LTD,Arunodaya High School,1,1,5,3
268,MAHENDRA EDUCATIONAL PVT LTD,Akshra English Medium School,2,2,5,1
269,KSRM COACHING CENTER,Academic Heights Public School - AHPS,2,3,2,4
270,DR. LAKSHMAIAH IAS STUDY CIRCLE,Anjali Junior College,4,2,4,4
271,BHARATH DEFENCE COACHING CENTRE,Academic Heights Public School - AHPS,3,3,5,4
272,JB INSTITUTE FOR COMPETITVE EXAMS,Academic Heights Public School - AHPS,3,4,4,1
273,TALENTSPRINT PVT. LTD,Akshra English Medium School,3,3,5,4
274,CONDUIRA EDUCATION & TRAINING SERVICES PVT. LTD.,SDHR Junior & Degree & Pg College ,2,3,3,1
275,EMINENT COACHING CENTRE,Sri Chaitanya Junior College ,2,2,1,1
276,AAKASH INSTITUTE OF MEDICAL IIT - JEE,Academic Heights Public School - AHPS,3,1,1,1
277,GURU SAI COACHING CENTER,S V Defence Academy,4,2,2,3
278,SAIMEDHA GATE COACHING CENTER,SEICOM JUNIOR & DEGREE & PG COLLEGE & CIVILS ACADEMY ,2,3,2,1
279,POORNASAI COACHING,Akshra English Medium School,4,4,5,5
280,JB INSTITUTE FOR COMPETITVE EXAMS,SDHR Junior & Degree & Pg College ,4,2,1,4
281,IGNITE ACADEMY,Akshra English Medium School,4,1,2,2
282,KARTHIK INSTITUTE OF POLICE COACHING,S V Defence Academy,4,2,3,6
283,Sheker'S IAS Study Circle,Ashwamedha Junior College & Neet Medical Academy ,3,1,1,3
284,TALENTSPRINT PVT. LTD,S V Defence Academy,2,2,3,4
285,MY CAREER POINT,Ashwamedha Junior College & Neet Medical Academy ,2,2,5,4
286,ACADEMY OF MATHEMATICS AND STATISTICS,S V Defence Academy,4,3,2,3
287,BHARATH DEFENCE COACHING CENTRE,Sri Chaitanya Junior College ,2,4,2,1
288,SHINE IAS STUDY CIRCLE,Accord School,3,2,1,5
289,RADHAKRISHNA EDUCATIONAL INSTITUTES,Nri Academy,2,2,5,2
290,TALENTSPRINT PVT. LTD,Narayana Junior College,4,2,5,4
291,SRI VISWAM COACHING CENTRE,SEICOM JUNIOR & DEGREE & PG COLLEGE & CIVILS ACADEMY ,4,1,3,5
292,IGNITE ACADEMY,Anjali Junior College,4,1,2,5
293,ACADEMY OF MATHEMATICS AND STATISTICS,SDHR Junior & Degree & Pg College ,2,1,1,6
294,SRI VISWAM COACHING CENTRE,Akshara High School,2,1,4,2
295,CONDUIRA EDUCATION & TRAINING SERVICES PVT. LTD.,SEICOM JUNIOR & DEGREE & PG COLLEGE & CIVILS ACADEMY ,2,4,2,2
296,CAREER LAUNCHER,Anjali Junior College,4,3,3,3
297,TALENTSPRINT PVT. LTD,Ashwamedha Junior College & Neet Medical Academy ,3,1,1,4
298,JB INSTITUTE FOR COMPETITVE EXAMS,Alpha Gamma Sigma Junior College,2,2,1,2
299,SAIMEDHA EDUCATIONAL INSTITUTE,Ashwamedha Junior College & Neet Medical Academy ,4,4,5,2
300,SRI KRISHNAVENI COACHING CENTRE,Nri Academy,3,4,3,6
301,RADHAKRISHNA EDUCATIONAL INSTITUTES,Accord School,2,3,5,6
302,DAMS SKY,Arunodaya High School,2,3,5,2
303,CAREER LAUNCHER,Accord School,4,4,4,2
304,NIIT,Akshara High School,3,2,2,5
305,SHINE IAS STUDY CIRCLE,Akshra English Medium School,4,3,3,5
306,ANALYST IAS ACADEMY,S V Defence Academy,2,2,4,5
307,Sheker'S IAS Study Circle,SEICOM JUNIOR & DEGREE & PG COLLEGE & CIVILS ACADEMY ,2,4,2,2
308,RADHAKRISHNA EDUCATIONAL INSTITUTES,Sri Chaitanya Junior College ,1,4,5,4
309,VIVEK COACHING CENTRE,Academic Heights Public School - AHPS,4,3,5,1
310,BANKERS ADD,Anu Vocational Junior College,2,2,4,1
311,EMINENT COACHING CENTRE,SDHR Junior & Degree & Pg College ,1,3,5,1
312,POORNASAI COACHING,Academic Heights Public School - AHPS,4,1,3,4
313,MY CAREER POINT,Anu Vocational Junior College,3,3,3,4
314,SKILL WORLD COMPUTERS,SDHR Junior & Degree & Pg College ,1,1,2,3
315,TALENTSPRINT PVT. LTD,Sri Chaitanya Junior College ,2,3,4,5
316,POORNASAI COACHING,Accord School,3,2,1,6
317,BANKER'S ADDA,SEICOM JUNIOR & DEGREE & PG COLLEGE & CIVILS ACADEMY ,4,3,3,1
318,DR. LAKSHMAIAH IAS STUDY CIRCLE,S V Defence Academy,1,1,1,5
319,CONDUIRA EDUCATION & TRAINING SERVICES PVT. LTD.,Arunodaya High School,3,1,1,6
320,DR. LAKSHMAIAH IAS STUDY CIRCLE,Alpha Gamma Sigma Junior College,4,1,3,2
321,ANALYST IAS ACADEMY,Sri Chaitanya Junior College ,1,1,5,6
322,BHARATH DEFENCE COACHING CENTRE,Nri Academy,4,3,4,3
323,DR. LAKSHMAIAH IAS STUDY CIRCLE,Academic Heights Public School - AHPS,3,3,1,3
324,SAIMEDHA EDUCATIONAL INSTITUTE,Alpha Gamma Sigma Junior College,4,1,4,5
325,GURU SAI COACHING CENTER,Accord School,3,2,2,4
326,ELITE POLYTECHNIC & APRJC COACHING CENTRE,Akshra English Medium School,4,1,3,3
327,SRI KRISHNAVENI COACHING CENTRE,SEICOM JUNIOR & DEGREE & PG COLLEGE & CIVILS ACADEMY ,4,1,1,5
328,PANDITHA SUDHA COACHING CENTRE,SEICOM JUNIOR & DEGREE & PG COLLEGE & CIVILS ACADEMY ,3,3,1,3
329,ACADEMY OF MATHEMATICS AND STATISTICS,Sri Chaitanya Junior College ,2,4,1,6
330,NIIT,Arunodaya High School,2,3,1,3
331,VIGNESH COACHING CENTRE,Akshra English Medium School,4,2,3,1
332,SHINE IAS STUDY CIRCLE,Sri Padmavathi Women's Junior College ,1,1,4,1
333,KARTHIK INSTITUTE OF POLICE COACHING,Anjali Junior College,3,1,2,2
334,VIGNESH COACHING CENTRE,Nri Academy,3,4,3,6
335,MY CAREER POINT,Akshara High School,3,3,1,1
336,ELITE POLYTECHNIC & APRJC COACHING CENTRE,Nri Academy,2,3,2,6
337,Sheker'S IAS Study Circle,Accord School,4,3,5,3
338,DAMS SKY,Sri Padmavathi Women's Junior College ,1,3,5,1
339,ROLLER SPORTS COACHING CENTRE,Akshara High School,3,3,5,1
340,ACE ENGINEERING ACADEMY,SEICOM JUNIOR & DEGREE & PG COLLEGE & CIVILS ACADEMY ,4,2,4,4
341,ELITE POLYTECHNIC & APRJC COACHING CENTRE,Ashwamedha Junior College & Neet Medical Academy ,4,4,2,5
342,KSRM COACHING CENTER,Anu Vocational Junior College,1,1,5,5
343,VIVEK COACHING CENTRE,Sri Chaitanya Junior College ,4,1,5,6
344,KARTHIK INSTITUTE OF POLICE COACHING,S V Defence Academy,4,2,1,2
345,MY CAREER POINT,Sri Chaitanya Junior College ,2,3,1,1
346,VIGNESH COACHING CENTRE,S V Defence Academy,2,4,5,4
347,SAIMEDHA EDUCATIONAL INSTITUTE,Narayana Junior College,4,1,2,5
348,ACE ENGINEERING ACADEMY,SEICOM JUNIOR & DEGREE & PG COLLEGE & CIVILS ACADEMY ,4,1,5,3
349,SREEDHAR'S CCE,Alpha Gamma Sigma Junior College,3,1,2,6
350,T.I.M.E. (TRIUMPHANT INSTITUTE OF MANAGEMENT EDUCATION),Akshara High School,3,2,2,3
351,NIIT,Accord School,4,4,4,1
352,BANKER'S ADDA,Akshara High School,1,1,5,5
353,SAIMEDHA EDUCATIONAL INSTITUTE,S V Defence Academy,4,2,1,3
354,NIIT,Sri Chaitanya Junior College ,4,3,4,2
355,BANKER'S ADDA,Arunodaya High School,2,1,4,5
356,KSRM COACHING CENTER,Anjali Junior College,1,3,1,2
357,POORNASAI COACHING,Ashwamedha Junior College & Neet Medical Academy ,3,4,4,4
358,KARTHIK INSTITUTE OF POLICE COACHING,Narayana Junior College,3,4,5,2
359,CAREER LAUNCHER,Accord School,1,3,1,5
360,POORNASAI COACHING,S V Defence Academy,1,4,5,6
361,CONDUIRA EDUCATION & TRAINING SERVICES PVT. LTD.,SDHR Junior & Degree & Pg College ,2,2,3,4
362,DR. LAKSHMAIAH IAS STUDY CIRCLE,Ashwamedha Junior College & Neet Medical Academy ,4,3,5,6
363,Sheker'S IAS Study Circle,Sri Padmavathi Women's Junior College ,3,4,1,3
364,ACADEMY OF MATHEMATICS AND STATISTICS,Anu Vocational Junior College,2,4,1,6
365,POORNASAI COACHING,SDHR Junior & Degree & Pg College ,1,4,1,6
366,ACE ENGINEERING ACADEMY,Sri Padmavathi Women's Junior College ,2,4,5,5
367,KARTHIK INSTITUTE OF POLICE COACHING,S V Defence Academy,1,4,3,1
368,ROLLER SPORTS COACHING CENTRE,Sri Padmavathi Women's Junior College ,2,2,5,1
369,NIIT,Akshara High School,4,4,3,2
370,Sheker'S IAS Study Circle,Academic Heights Public School - AHPS,2,3,4,2
371,VIVEK COACHING CENTRE,Sri Chaitanya Junior College ,4,1,5,1
372,SHINE IAS STUDY CIRCLE,Academic Heights Public School - AHPS,2,3,5,5
373,DAMS SKY,Arunodaya High School,3,1,5,5
374,CAREER LAUNCHER,S V Defence Academy,2,3,2,4
375,GURU SAI COACHING CENTER,Anjali Junior College,3,4,2,5
376,SREEDHAR'S CCE,Sri Chaitanya Junior College ,3,3,2,2
377,DAMS SKY,Sri Chaitanya Junior College ,2,4,3,6
378,SAIMEDHA EDUCATIONAL INSTITUTE,Ashwamedha Junior College & Neet Medical Academy ,3,1,3,4
379,KARTHIK INSTITUTE OF POLICE COACHING,Sri Chaitanya Junior College ,3,3,3,3
380,SKILL WORLD COMPUTERS,Ashwamedha Junior College & Neet Medical Academy ,4,4,3,6
381,KARTHIK INSTITUTE OF POLICE COACHING,S V Defence Academy,3,1,2,5
382,SHINE IAS STUDY CIRCLE,Anjali Junior College,2,4,5,5
383,ROLLER SPORTS COACHING CENTRE,Akshra English Medium School,1,4,4,4
384,SHINE IAS STUDY CIRCLE,Narayana Junior College,4,3,3,1
385,SAIMEDHA GATE COACHING CENTER,Anu Vocational Junior College,1,4,1,2
386,DR. LAKSHMAIAH IAS STUDY CIRCLE,SEICOM JUNIOR & DEGREE & PG COLLEGE & CIVILS ACADEMY ,1,4,1,1
387,ANALYST IAS ACADEMY,Alpha Gamma Sigma Junior College,4,3,2,3
388,SAIMEDHA GATE COACHING CENTER,Ashwamedha Junior College & Neet Medical Academy ,2,1,1,1
389,SREEDHAR'S CCE,SEICOM JUNIOR & DEGREE & PG COLLEGE & CIVILS ACADEMY ,1,3,4,6
390,C L CAREER LAUNCHER,SEICOM JUNIOR & DEGREE & PG COLLEGE & CIVILS ACADEMY ,1,3,4,2
391,SREEDHAR'S CCE,Narayana Junior College,1,2,1,2
392,DAMS SKY,Alpha Gamma Sigma Junior College,1,4,1,3
393,SAIMEDHA EDUCATIONAL INSTITUTE,Sri Chaitanya Junior College ,4,3,2,2
394,T.I.M.E. (TRIUMPHANT INSTITUTE OF MANAGEMENT EDUCATION),SEICOM JUNIOR & DEGREE & PG COLLEGE & CIVILS ACADEMY ,4,2,4,1
395,DR. LAKSHMAIAH IAS STUDY CIRCLE,Akshra English Medium School,1,4,2,3
396,GURU SAI COACHING CENTER,SDHR Junior & Degree & Pg College ,1,2,3,3
397,SAIMEDHA EDUCATIONAL INSTITUTE,Sri Chaitanya Junior College ,2,1,2,4
398,RADHAKRISHNA EDUCATIONAL INSTITUTES,Akshra English Medium School,4,1,2,4
399,ELITE POLYTECHNIC & APRJC COACHING CENTRE,Alpha Gamma Sigma Junior College,4,4,3,4
400,ACADEMY OF MATHEMATICS AND STATISTICS,Sri Chaitanya Junior College ,2,4,1,3
401,JB INSTITUTE FOR COMPETITVE EXAMS,Academic Heights Public School - AHPS,2,2,1,4
402,VIVEK COACHING CENTRE,Arunodaya High School,1,3,2,4
403,VIGNESH COACHING CENTRE,Anu Vocational Junior College,1,2,4,6
404,Sheker'S IAS Study Circle,Alpha Gamma Sigma Junior College,4,3,5,5
405,PANDITHA SUDHA COACHING CENTRE,Anu Vocational Junior College,4,2,2,3
406,Sheker'S IAS Study Circle,Narayana Junior College,3,1,2,4
407,MY CAREER POINT,Akshara High School,3,2,3,6
408,SREEDHAR'S CCE,Akshara High School,2,3,1,2
409,PANDITHA SUDHA COACHING CENTRE,Alpha Gamma Sigma Junior College,3,1,4,4
410,PANDITHA SUDHA COACHING CENTRE,Anu Vocational Junior College,4,2,3,5
411,DR. LAKSHMAIAH IAS STUDY CIRCLE,Akshra English Medium School,2,3,1,3
412,CONDUIRA EDUCATION & TRAINING SERVICES PVT. LTD.,SDHR Junior & Degree & Pg College ,4,4,1,3
413,BHARATH DEFENCE COACHING CENTRE,Academic Heights Public School - AHPS,2,2,1,2
414,DR. LAKSHMAIAH IAS STUDY CIRCLE,Nri Academy,1,3,2,6
415,BANKERS ADD,Anu Vocational Junior College,4,1,3,3
416,BHARATH DEFENCE COACHING CENTRE,Ashwamedha Junior College & Neet Medical Academy ,2,4,5,1
417,CONDUIRA EDUCATION & TRAINING SERVICES PVT. LTD.,Alpha Gamma Sigma Junior College,4,4,2,1
418,BHARATH DEFENCE COACHING CENTRE,Arunodaya High School,1,3,4,1
419,VIVEK COACHING CENTRE,SEICOM JUNIOR & DEGREE & PG COLLEGE & CIVILS ACADEMY ,4,3,1,5
420,IGNITE ACADEMY,Sri Chaitanya Junior College ,3,2,4,3
421,GURU SAI COACHING CENTER,Akshara High School,4,2,1,5
422,SRI KRISHNAVENI COACHING CENTRE,Alpha Gamma Sigma Junior College,1,3,5,2
423,DR. LAKSHMAIAH IAS STUDY CIRCLE,Akshara High School,1,3,1,3
424,SREEDHAR'S CCE,Accord School,2,1,4,5
425,SREEDHAR'S CCE,SEICOM JUNIOR & DEGREE & PG COLLEGE & CIVILS ACADEMY ,2,2,2,3
426,NIIT,Akshara High School,4,3,2,6
427,ANALYST IAS ACADEMY,Anu Vocational Junior College,3,4,3,6
428,RADHAKRISHNA EDUCATIONAL INSTITUTES,Academic Heights Public School - AHPS,1,1,4,5
429,RADHAKRISHNA EDUCATIONAL INSTITUTES,Alpha Gamma Sigma Junior College,2,4,1,1
430,SAIMEDHA EDUCATIONAL INSTITUTE,Narayana Junior College,1,1,2,3
431,BANKER'S ADDA,Alpha Gamma Sigma Junior College,1,2,3,3
432,SREEDHAR'S CCE,SEICOM JUNIOR & DEGREE & PG COLLEGE & CIVILS ACADEMY ,3,3,4,6
433,IGNITE ACADEMY,Nri Academy,2,2,4,3
434,SKILL WORLD COMPUTERS,Arunodaya High School,2,2,1,5
435,MAHENDRA EDUCATIONAL PVT LTD,Sri Chaitanya Junior College ,3,1,1,6
436,TALENTSPRINT PVT. LTD,Ashwamedha Junior College & Neet Medical Academy ,4,3,1,5
437,SAIMEDHA GATE COACHING CENTER,Academic Heights Public School - AHPS,2,3,2,1
438,GURU SAI COACHING CENTER,Arunodaya High School,4,2,4,1
439,JB INSTITUTE FOR COMPETITVE EXAMS,Academic Heights Public School - AHPS,1,1,5,3
440,SRI KRISHNAVENI COACHING CENTRE,Akshra English Medium School,3,2,5,6
441,RADHAKRISHNA EDUCATIONAL INSTITUTES,Akshara High School,2,1,3,5
442,KARTHIK INSTITUTE OF POLICE COACHING,Sri Padmavathi Women's Junior College ,1,4,5,4
443,TALENTSPRINT PVT. LTD,Nri Academy,2,2,1,5
444,VIVEK COACHING CENTRE,SEICOM JUNIOR & DEGREE & PG COLLEGE & CIVILS ACADEMY ,1,2,1,2
445,ROLLER SPORTS COACHING CENTRE,Alpha Gamma Sigma Junior College,1,4,1,2
446,POORNASAI COACHING,Anu Vocational Junior College,4,4,1,3
447,RADHAKRISHNA EDUCATIONAL INSTITUTES,Sri Chaitanya Junior College ,3,2,5,5
448,Sheker'S IAS Study Circle,Akshra English Medium School,1,4,4,3
449,JB INSTITUTE FOR COMPETITVE EXAMS,Sri Chaitanya Junior College ,2,2,3,1
450,MY CAREER POINT,Accord School,3,1,4,5
451,MAHENDRA EDUCATIONAL PVT LTD,Anjali Junior College,4,2,1,3
452,POORNASAI COACHING,Arunodaya High School,4,3,5,5
453,DAMS SKY,Anu Vocational Junior College,4,2,5,5
454,CAREER LAUNCHER,Anjali Junior College,1,1,2,1
455,IGNITE ACADEMY,Sri Padmavathi Women's Junior College ,3,4,3,4
456,ROLLER SPORTS COACHING CENTRE,Anjali Junior College,3,1,4,4
457,SHINE IAS STUDY CIRCLE,Anu Vocational Junior College,1,3,3,4
458,ROLLER SPORTS COACHING CENTRE,SDHR Junior & Degree & Pg College ,4,2,3,1
459,SREEDHAR'S CCE,SDHR Junior & Degree & Pg College ,4,3,5,3
460,DR. LAKSHMAIAH IAS STUDY CIRCLE,Narayana Junior College,4,3,1,5
461,NIIT,Sri Chaitanya Junior College ,3,3,4,4
462,SREEDHAR'S CCE,SDHR Junior & Degree & Pg College ,4,2,1,4
463,ELITE POLYTECHNIC & APRJC COACHING CENTRE,SEICOM JUNIOR & DEGREE & PG COLLEGE & CIVILS ACADEMY ,3,4,2,4
464,VIGNESH COACHING CENTRE,Nri Academy,4,2,2,3
465,DAMS SKY,Nri Academy,1,3,1,1
466,SAIMEDHA EDUCATIONAL INSTITUTE,Accord School,3,2,3,2
467,GURU SAI COACHING CENTER,SEICOM JUNIOR & DEGREE & PG COLLEGE & CIVILS ACADEMY ,3,4,5,5
468,SRI VISWAM COACHING CENTRE,Akshara High School,4,4,4,2
469,VIGNESH COACHING CENTRE,Akshra English Medium School,2,4,1,2
470,NIIT,S V Defence Academy,3,1,2,2
471,GURU SAI COACHING CENTER,Accord School,2,3,1,3
472,T.I.M.E. (TRIUMPHANT INSTITUTE OF MANAGEMENT EDUCATION),Narayana Junior College,2,2,1,4
473,ROLLER SPORTS COACHING CENTRE,Anjali Junior College,1,2,5,6
474,ACADEMY OF MATHEMATICS AND STATISTICS,SEICOM JUNIOR & DEGREE & PG COLLEGE & CIVILS ACADEMY ,2,4,5,4
475,SAIMEDHA EDUCATIONAL INSTITUTE,Anu Vocational Junior College,3,4,1,1
476,PANDITHA SUDHA COACHING CENTRE,Sri Padmavathi Women's Junior College ,2,2,2,5
477,VIGNESH COACHING CENTRE,Nri Academy,3,4,4,5
478,GURU SAI COACHING CENTER,SEICOM JUNIOR & DEGREE & PG COLLEGE & CIVILS ACADEMY ,3,2,1,6
479,SAIMEDHA EDUCATIONAL INSTITUTE,Sri Padmavathi Women's Junior College ,2,2,1,1
480,EMINENT COACHING CENTRE,Ashwamedha Junior College & Neet Medical Academy ,3,4,3,5
481,DR. LAKSHMAIAH IAS STUDY CIRCLE,Anjali Junior College,1,3,1,1
482,KARTHIK INSTITUTE OF POLICE COACHING,Sri Chaitanya Junior College ,4,1,5,1
483,KARTHIK INSTITUTE OF POLICE COACHING,Accord School,2,1,4,3
484,KARTHIK INSTITUTE OF POLICE COACHING,SDHR Junior & Degree & Pg College ,2,1,1,3
485,POORNASAI COACHING,Narayana Junior College,2,3,3,5
486,RADHAKRISHNA EDUCATIONAL INSTITUTES,Ashwamedha Junior College & Neet Medical Academy ,2,2,3,2
487,BHARATH DEFENCE COACHING CENTRE,Accord School,2,1,3,1
488,ACADEMY OF MATHEMATICS AND STATISTICS,Akshra English Medium School,2,2,1,4
489,JB INSTITUTE FOR COMPETITVE EXAMS,SEICOM JUNIOR & DEGREE & PG COLLEGE & CIVILS ACADEMY ,2,4,5,5
490,PANDITHA SUDHA COACHING CENTRE,Anjali Junior College,4,3,2,3
491,TALENTSPRINT PVT. LTD,Academic Heights Public School - AHPS,4,2,4,1
492,SKILL WORLD COMPUTERS,Sri Padmavathi Women's Junior College ,1,4,2,3
493,BANKER'S ADDA,Anjali Junior College,1,4,5,4
494,POORNASAI COACHING,Ashwamedha Junior College & Neet Medical Academy ,1,3,5,2
495,ACADEMY OF MATHEMATICS AND STATISTICS,Arunodaya High School,2,1,3,4
496,IGNITE ACADEMY,Alpha Gamma Sigma Junior College,1,4,3,6
497,VIGNESH COACHING CENTRE,Akshra English Medium School,4,3,1,3
498,NIIT,SDHR Junior & Degree & Pg College ,2,4,4,5
499,DAMS SKY,Narayana Junior College,4,4,2,5
500,PANDITHA SUDHA COACHING CENTRE,Accord School,3,3,4,2
501,KSRM COACHING CENTER,Sri Chaitanya Junior College ,2,3,3,2
502,Sheker'S IAS Study Circle,Alpha Gamma Sigma Junior College,1,1,4,5
503,ROLLER SPORTS COACHING CENTRE,Sri Chaitanya Junior College ,1,4,1,6
504,BANKER'S ADDA,Ashwamedha Junior College & Neet Medical Academy ,3,2,1,2
505,VIVEK COACHING CENTRE,Alpha Gamma Sigma Junior College,1,3,5,6
506,BHARATH DEFENCE COACHING CENTRE,Narayana Junior College,2,2,4,1
507,SRI KRISHNAVENI COACHING CENTRE,Sri Padmavathi Women's Junior College ,1,1,4,1
508,BHARATH DEFENCE COACHING CENTRE,Accord School,3,2,1,3
509,EMINENT COACHING CENTRE,Anjali Junior College,2,3,5,1
510,PANDITHA SUDHA COACHING CENTRE,SDHR Junior & Degree & Pg College ,2,2,3,6
511,SHINE IAS STUDY CIRCLE,SDHR Junior & Degree & Pg College ,4,1,5,6
512,KSRM COACHING CENTER,Sri Padmavathi Women's Junior College ,4,2,5,1
513,ELITE POLYTECHNIC & APRJC COACHING CENTRE,SDHR Junior & Degree & Pg College ,4,2,5,1
514,T.I.M.E. (TRIUMPHANT INSTITUTE OF MANAGEMENT EDUCATION),SDHR Junior & Degree & Pg College ,3,3,1,5
515,DAMS SKY,Akshra English Medium School,1,2,2,6
516,SKILL WORLD COMPUTERS,SDHR Junior & Degree & Pg College ,1,2,4,6
517,EMINENT COACHING CENTRE,Ashwamedha Junior College & Neet Medical Academy ,2,2,4,4
518,SRI VISWAM COACHING CENTRE,Academic Heights Public School - AHPS,4,4,4,1
519,RADHAKRISHNA EDUCATIONAL INSTITUTES,Alpha Gamma Sigma Junior College,3,4,1,5
520,BANKER'S ADDA,Anjali Junior College,1,4,5,5
521,VIGNESH COACHING CENTRE,Accord School,3,4,1,6
522,BANKERS ADD,Narayana Junior College,4,1,2,1
523,SREEDHAR'S CCE,Akshra English Medium School,4,1,1,1
524,DAMS SKY,Narayana Junior College,2,3,4,3
525,DAMS SKY,Accord School,4,4,5,4
526,ACE ENGINEERING ACADEMY,Ashwamedha Junior College & Neet Medical Academy ,4,2,3,3
527,SRI VISWAM COACHING CENTRE,Sri Padmavathi Women's Junior College ,2,1,3,1
528,BHARATH DEFENCE COACHING CENTRE,Anu Vocational Junior College,3,4,4,3
529,MAHENDRA EDUCATIONAL PVT LTD,S V Defence Academy,4,1,4,6
530,SRI KRISHNAVENI COACHING CENTRE,Ashwamedha Junior College & Neet Medical Academy ,1,4,3,2
531,BANKERS ADD,Akshara High School,1,4,2,1
532,SHINE IAS STUDY CIRCLE,Narayana Junior College,3,3,5,6
533,KSRM COACHING CENTER,Nri Academy,3,3,5,4
534,GURU SAI COACHING CENTER,Nri Academy,2,2,3,4
535,GURU SAI COACHING CENTER,SDHR Junior & Degree & Pg College ,3,2,3,3
536,EMINENT COACHING CENTRE,Sri Chaitanya Junior College ,2,2,1,6
537,DR. LAKSHMAIAH IAS STUDY CIRCLE,Ashwamedha Junior College & Neet Medical Academy ,2,2,3,6
538,EMINENT COACHING CENTRE,SDHR Junior & Degree & Pg College ,2,4,1,4
539,KSRM COACHING CENTER,Anjali Junior College,4,2,4,2
540,ANALYST IAS ACADEMY,Akshara High School,2,3,2,5
541,POORNASAI COACHING,Nri Academy,1,2,3,6
542,MAHENDRA EDUCATIONAL PVT LTD,Anu Vocational Junior College,2,1,3,2
543,ACADEMY OF MATHEMATICS AND STATISTICS,Akshara High School,4,1,3,4
544,AAKASH INSTITUTE OF MEDICAL IIT - JEE,Akshara High School,2,2,1,6
545,MY CAREER POINT,S V Defence Academy,1,4,5,3
546,ANALYST IAS ACADEMY,Anu Vocational Junior College,1,2,3,1
547,TALENTSPRINT PVT. LTD,Akshara High School,1,3,3,2
548,BANKERS ADD,Accord School,3,2,3,6
549,POORNASAI COACHING,SDHR Junior & Degree & Pg College ,3,1,5,1
550,DR. LAKSHMAIAH IAS STUDY CIRCLE,Arunodaya High School,4,1,4,5
551,GURU SAI COACHING CENTER,Sri Chaitanya Junior College ,3,4,2,6
552,IGNITE ACADEMY,Anu Vocational Junior College,1,4,2,1
553,SREEDHAR'S CCE,Narayana Junior College,3,1,1,1
554,RADHAKRISHNA EDUCATIONAL INSTITUTES,Anu Vocational Junior College,1,2,3,3
555,C L CAREER LAUNCHER,Anjali Junior College,2,2,2,5
556,BANKERS ADD,Alpha Gamma Sigma Junior College,2,4,2,5
557,BHARATH DEFENCE COACHING CENTRE,Anjali Junior College,4,3,2,6
558,C L CAREER LAUNCHER,Alpha Gamma Sigma Junior College,2,2,2,4
559,VIGNESH COACHING CENTRE,Anu Vocational Junior College,2,2,2,3
560,BHARATH DEFENCE COACHING CENTRE,Narayana Junior College,1,1,4,2
561,ACADEMY OF MATHEMATICS AND STATISTICS,Accord School,1,2,2,4
562,PANDITHA SUDHA COACHING CENTRE,Ashwamedha Junior College & Neet Medical Academy ,4,2,3,2
563,VIVEK COACHING CENTRE,Narayana Junior College,1,4,5,4
564,AAKASH INSTITUTE OF MEDICAL IIT - JEE,Nri Academy,3,4,3,3
565,PANDITHA SUDHA COACHING CENTRE,SDHR Junior & Degree & Pg College ,3,3,4,6
566,ROLLER SPORTS COACHING CENTRE,Accord School,3,4,4,2
567,EMINENT COACHING CENTRE,Anu Vocational Junior College,1,4,3,6
568,CAREER LAUNCHER,SEICOM JUNIOR & DEGREE & PG COLLEGE & CIVILS ACADEMY ,4,3,1,3
569,KSRM COACHING CENTER,S V Defence Academy,3,1,3,1
570,ANALYST IAS ACADEMY,Alpha Gamma Sigma Junior College,4,3,5,4
571,SREEDHAR'S CCE,Akshara High School,3,2,3,6
572,DR. LAKSHMAIAH IAS STUDY CIRCLE,SEICOM JUNIOR & DEGREE & PG COLLEGE & CIVILS ACADEMY ,4,4,2,4
573,ELITE POLYTECHNIC & APRJC COACHING CENTRE,Alpha Gamma Sigma Junior College,4,1,1,5
574,Sheker'S IAS Study Circle,Arunodaya High School,2,2,2,4
575,ROLLER SPORTS COACHING CENTRE,Ashwamedha Junior College & Neet Medical Academy ,1,3,4,1
576,ACE ENGINEERING ACADEMY,Akshra English Medium School,3,4,3,3
577,IGNITE ACADEMY,Sri Chaitanya Junior College ,2,2,4,5
578,KSRM COACHING CENTER,Akshra English Medium School,4,3,5,2
579,KARTHIK INSTITUTE OF POLICE COACHING,Accord School,1,4,1,4
580,GURU SAI COACHING CENTER,Sri Padmavathi Women's Junior College ,3,4,1,5
581,SRI VISWAM COACHING CENTRE,Nri Academy,1,1,5,2
582,C L CAREER LAUNCHER,Arunodaya High School,2,4,4,2
583,MY CAREER POINT,Alpha Gamma Sigma Junior College,1,3,4,1
584,ANALYST IAS ACADEMY,Alpha Gamma Sigma Junior College,1,3,1,3
585,CONDUIRA EDUCATION & TRAINING SERVICES PVT. LTD.,Akshara High School,1,1,1,4
586,ROLLER SPORTS COACHING CENTRE,Nri Academy,2,3,4,5
587,VIVEK COACHING CENTRE,Sri Chaitanya Junior College ,2,2,1,4
588,T.I.M.E. (TRIUMPHANT INSTITUTE OF MANAGEMENT EDUCATION),Arunodaya High School,4,1,3,1
589,SAIMEDHA EDUCATIONAL INSTITUTE,Academic Heights Public School - AHPS,3,1,1,6
590,T.I.M.E. (TRIUMPHANT INSTITUTE OF MANAGEMENT EDUCATION),S V Defence Academy,2,1,3,1
591,C L CAREER LAUNCHER,SDHR Junior & Degree & Pg College ,2,1,3,4
592,ROLLER SPORTS COACHING CENTRE,Alpha Gamma Sigma Junior College,4,1,3,5
593,RADHAKRISHNA EDUCATIONAL INSTITUTES,SEICOM JUNIOR & DEGREE & PG COLLEGE & CIVILS ACADEMY ,3,4,3,6
594,SRI KRISHNAVENI COACHING CENTRE,Arunodaya High School,3,3,1,2
595,SRI KRISHNAVENI COACHING CENTRE,SDHR Junior & Degree & Pg College ,1,3,2,1
596,POORNASAI COACHING,Nri Academy,4,1,1,6
597,KARTHIK INSTITUTE OF POLICE COACHING,Sri Padmavathi Women's Junior College ,4,4,1,4
598,GURU SAI COACHING CENTER,Sri Chaitanya Junior College ,2,1,2,1
599,Sheker'S IAS Study Circle,Sri Chaitanya Junior College ,2,2,4,2
600,ELITE POLYTECHNIC & APRJC COACHING CENTRE,Sri Padmavathi Women's Junior College ,2,2,2,6
601,SRI KRISHNAVENI COACHING CENTRE,SDHR Junior & Degree & Pg College ,2,1,1,2
602,DAMS SKY,Arunodaya High School,1,2,2,5
603,ELITE POLYTECHNIC & APRJC COACHING CENTRE,SEICOM JUNIOR & DEGREE & PG COLLEGE & CIVILS ACADEMY ,2,2,5,4
604,CAREER LAUNCHER,Academic Heights Public School - AHPS,3,3,4,6
605,Sheker'S IAS Study Circle,Ashwamedha Junior College & Neet Medical Academy ,1,2,1,3
606,ACADEMY OF MATHEMATICS AND STATISTICS,Anu Vocational Junior College,4,3,4,6
607,KSRM COACHING CENTER,S V Defence Academy,2,3,1,1
608,ANALYST IAS ACADEMY,SEICOM JUNIOR & DEGREE & PG COLLEGE & CIVILS ACADEMY ,1,1,5,2
609,CONDUIRA EDUCATION & TRAINING SERVICES PVT. LTD.,Anu Vocational Junior College,4,4,5,4
610,NIIT,Alpha Gamma Sigma Junior College,1,4,5,5
611,Sheker'S IAS Study Circle,Alpha Gamma Sigma Junior College,4,2,3,4
612,CONDUIRA EDUCATION & TRAINING SERVICES PVT. LTD.,Sri Chaitanya Junior College ,2,4,5,1
613,SAIMEDHA EDUCATIONAL INSTITUTE,Akshara High School,3,3,4,2
614,SREEDHAR'S CCE,Nri Academy,2,4,1,2
615,TALENTSPRINT PVT. LTD,Sri Padmavathi Women's Junior College ,2,1,4,4
616,T.I.M.E. (TRIUMPHANT INSTITUTE OF MANAGEMENT EDUCATION),Anjali Junior College,3,3,1,6
617,SHINE IAS STUDY CIRCLE,SDHR Junior & Degree & Pg College ,4,3,5,3
618,BANKER'S ADDA,Sri Chaitanya Junior College ,2,3,1,1
619,BHARATH DEFENCE COACHING CENTRE,Narayana Junior College,2,4,1,5
620,DR. LAKSHMAIAH IAS STUDY CIRCLE,Anjali Junior College,2,4,5,1
621,SHINE IAS STUDY CIRCLE,Akshra English Medium School,4,4,5,6
622,DR. LAKSHMAIAH IAS STUDY CIRCLE,Ashwamedha Junior College & Neet Medical Academy ,1,2,1,3
623,BHARATH DEFENCE COACHING CENTRE,Alpha Gamma Sigma Junior College,4,1,4,1
624,SHINE IAS STUDY CIRCLE,Anu Vocational Junior College,3,3,5,6
625,SAIMEDHA GATE COACHING CENTER,Anu Vocational Junior College,4,2,2,4
626,C L CAREER LAUNCHER,Narayana Junior College,1,4,3,1
627,ANALYST IAS ACADEMY,Alpha Gamma Sigma Junior College,3,3,3,3
628,T.I.M.E. (TRIUMPHANT INSTITUTE OF MANAGEMENT EDUCATION),Alpha Gamma Sigma Junior College,4,4,2,6
629,CAREER LAUNCHER,S V Defence Academy,3,1,1,4
630,BHARATH DEFENCE COACHING CENTRE,Narayana Junior College,4,1,5,3
631,PANDITHA SUDHA COACHING CENTRE,Anu Vocational Junior College,3,2,2,5
632,BANKERS ADD,Accord School,2,4,4,6
633,MAHENDRA EDUCATIONAL PVT LTD,Sri Padmavathi Women's Junior College ,2,2,5,6
634,BANKERS ADD,Academic Heights Public School - AHPS,3,3,5,4
635,T.I.M.E. (TRIUMPHANT INSTITUTE OF MANAGEMENT EDUCATION),Ashwamedha Junior College & Neet Medical Academy ,2,1,1,4
636,SRI KRISHNAVENI COACHING CENTRE,SEICOM JUNIOR & DEGREE & PG COLLEGE & CIVILS ACADEMY ,3,2,1,5
637,SRI VISWAM COACHING CENTRE,Akshra English Medium School,1,3,1,6
638,ACADEMY OF MATHEMATICS AND STATISTICS,Anjali Junior College,1,3,4,2
639,BHARATH DEFENCE COACHING CENTRE,Akshra English Medium School,3,3,2,4
640,DAMS SKY,S V Defence Academy,2,4,3,4
641,SRI KRISHNAVENI COACHING CENTRE,Alpha Gamma Sigma Junior College,2,3,1,6
642,ANALYST IAS ACADEMY,Accord School,3,4,4,1
643,Sheker'S IAS Study Circle,Sri Chaitanya Junior College ,4,3,3,5
644,MY CAREER POINT,Arunodaya High School,1,4,2,6
645,ACADEMY OF MATHEMATICS AND STATISTICS,Anjali Junior College,3,1,2,3
646,Sheker'S IAS Study Circle,Sri Chaitanya Junior College ,4,4,5,6
647,IGNITE ACADEMY,S V Defence Academy,3,3,1,1
648,DR. LAKSHMAIAH IAS STUDY CIRCLE,Academic Heights Public School - AHPS,3,3,4,1
649,KARTHIK INSTITUTE OF POLICE COACHING,Ashwamedha Junior College & Neet Medical Academy ,1,3,2,2
650,NIIT,Nri Academy,2,4,5,6
651,NIIT,Nri Academy,2,2,3,1
652,VIGNESH COACHING CENTRE,Narayana Junior College,4,1,2,2
653,SRI VISWAM COACHING CENTRE,Nri Academy,1,4,1,2
654,MAHENDRA EDUCATIONAL PVT LTD,SEICOM JUNIOR & DEGREE & PG COLLEGE & CIVILS ACADEMY ,1,2,1,2
655,BHARATH DEFENCE COACHING CENTRE,S V Defence Academy,2,2,3,3
656,SAIMEDHA GATE COACHING CENTER,S V Defence Academy,4,3,3,1
657,SRI VISWAM COACHING CENTRE,Alpha Gamma Sigma Junior College,2,4,3,2
658,ACADEMY OF MATHEMATICS AND STATISTICS,Academic Heights Public School - AHPS,1,2,2,2
659,SHINE IAS STUDY CIRCLE,SDHR Junior & Degree & Pg College ,2,2,5,2
660,ANALYST IAS ACADEMY,Nri Academy,4,1,2,3
661,ELITE POLYTECHNIC & APRJC COACHING CENTRE,SEICOM JUNIOR & DEGREE & PG COLLEGE & CIVILS ACADEMY ,2,3,5,5
662,SHINE IAS STUDY CIRCLE,Anjali Junior College,3,4,1,6
663,CAREER LAUNCHER,Anjali Junior College,1,4,3,3
664,CONDUIRA EDUCATION & TRAINING SERVICES PVT. LTD.,Akshra English Medium School,2,2,2,4
665,ELITE POLYTECHNIC & APRJC COACHING CENTRE,Sri Padmavathi Women's Junior College ,1,1,4,1
666,IGNITE ACADEMY,Alpha Gamma Sigma Junior College,3,3,1,4
667,T.I.M.E. (TRIUMPHANT INSTITUTE OF MANAGEMENT EDUCATION),Anjali Junior College,4,1,2,1
668,PANDITHA SUDHA COACHING CENTRE,Nri Academy,2,1,3,6
669,BANKERS ADD,Akshra English Medium School,1,4,1,5
670,RADHAKRISHNA EDUCATIONAL INSTITUTES,Anjali Junior College,4,4,5,4
671,TALENTSPRINT PVT. LTD,Narayana Junior College,1,4,2,4
672,SRI VISWAM COACHING CENTRE,Arunodaya High School,2,1,1,6
673,EMINENT COACHING CENTRE,Alpha Gamma Sigma Junior College,3,3,3,5
674,GURU SAI COACHING CENTER,Alpha Gamma Sigma Junior College,2,4,5,4
675,SHINE IAS STUDY CIRCLE,Akshra English Medium School,3,1,2,5
676,ACE ENGINEERING ACADEMY,Nri Academy,4,1,5,3
677,SHINE IAS STUDY CIRCLE,Ashwamedha Junior College & Neet Medical Academy ,2,2,5,3
678,POORNASAI COACHING,Ashwamedha Junior College & Neet Medical Academy ,2,4,4,6
679,SAIMEDHA EDUCATIONAL INSTITUTE,Nri Academy,1,4,4,1
680,CONDUIRA EDUCATION & TRAINING SERVICES PVT. LTD.,Akshra English Medium School,1,4,5,6
681,MY CAREER POINT,Akshara High School,3,3,4,4
682,KSRM COACHING CENTER,Nri Academy,4,1,1,6
683,AAKASH INSTITUTE OF MEDICAL IIT - JEE,Alpha Gamma Sigma Junior College,3,2,1,2
684,SRI KRISHNAVENI COACHING CENTRE,Sri Chaitanya Junior College ,1,2,1,2
685,NIIT,Alpha Gamma Sigma Junior College,3,1,2,2
686,IGNITE ACADEMY,Academic Heights Public School - AHPS,3,4,3,5
687,BANKERS ADD,Anjali Junior College,3,3,5,5
688,PANDITHA SUDHA COACHING CENTRE,Arunodaya High School,2,4,5,3
689,VIGNESH COACHING CENTRE,Academic Heights Public School - AHPS,4,4,5,5
690,DAMS SKY,Sri Chaitanya Junior College ,2,4,3,1
691,ROLLER SPORTS COACHING CENTRE,Academic Heights Public School - AHPS,1,4,4,2
692,DR. LAKSHMAIAH IAS STUDY CIRCLE,Sri Chaitanya Junior College ,2,1,2,5
693,DR. LAKSHMAIAH IAS STUDY CIRCLE,Academic Heights Public School - AHPS,2,4,4,1
694,PANDITHA SUDHA COACHING CENTRE,Narayana Junior College,1,1,4,3
695,SRI VISWAM COACHING CENTRE,Anjali Junior College,1,1,4,2
696,CONDUIRA EDUCATION & TRAINING SERVICES PVT. LTD.,Accord School,4,1,3,3
697,SREEDHAR'S CCE,Akshara High School,2,3,2,5
698,VIVEK COACHING CENTRE,Anjali Junior College,4,2,5,2
699,PANDITHA SUDHA COACHING CENTRE,Academic Heights Public School - AHPS,3,1,4,6
700,ROLLER SPORTS COACHING CENTRE,Accord School,2,3,5,3
701,SRI KRISHNAVENI COACHING CENTRE,S V Defence Academy,4,3,1,1
702,IGNITE ACADEMY,Narayana Junior College,2,4,1,5
703,ACE ENGINEERING ACADEMY,Narayana Junior College,4,4,4,2
704,ANALYST IAS ACADEMY,Sri Padmavathi Women's Junior College ,2,1,5,5
705,SKILL WORLD COMPUTERS,Alpha Gamma Sigma Junior College,1,1,2,6
706,BANKERS ADD,S V Defence Academy,2,3,3,2
707,DR. LAKSHMAIAH IAS STUDY CIRCLE,SEICOM JUNIOR & DEGREE & PG COLLEGE & CIVILS ACADEMY ,2,2,1,3
708,SHINE IAS STUDY CIRCLE,Nri Academy,1,3,5,1
709,ELITE POLYTECHNIC & APRJC COACHING CENTRE,SEICOM JUNIOR & DEGREE & PG COLLEGE & CIVILS ACADEMY ,1,2,1,4
710,ANALYST IAS ACADEMY,Anjali Junior College,4,3,5,1
711,BANKERS ADD,Akshra English Medium School,2,2,1,2
712,ROLLER SPORTS COACHING CENTRE,Nri Academy,2,2,1,5
713,CAREER LAUNCHER,Akshra English Medium School,1,4,4,5
714,ANALYST IAS ACADEMY,Sri Padmavathi Women's Junior College ,2,1,1,2
715,MY CAREER POINT,Alpha Gamma Sigma Junior College,3,1,4,3
716,C L CAREER LAUNCHER,Accord School,2,1,5,1
717,JB INSTITUTE FOR COMPETITVE EXAMS,SEICOM JUNIOR & DEGREE & PG COLLEGE & CIVILS ACADEMY ,3,2,3,5
718,BANKERS ADD,Sri Chaitanya Junior College ,2,3,2,1
719,JB INSTITUTE FOR COMPETITVE EXAMS,Anu Vocational Junior College,2,1,5,5
720,CAREER LAUNCHER,Academic Heights Public School - AHPS,4,1,5,3
721,AAKASH INSTITUTE OF MEDICAL IIT - JEE,S V Defence Academy,4,4,4,2
722,SAIMEDHA EDUCATIONAL INSTITUTE,SDHR Junior & Degree & Pg College ,1,4,3,6
723,SKILL WORLD COMPUTERS,SEICOM JUNIOR & DEGREE & PG COLLEGE & CIVILS ACADEMY ,1,4,2,4
724,RADHAKRISHNA EDUCATIONAL INSTITUTES,Akshara High School,2,1,1,6
725,JB INSTITUTE FOR COMPETITVE EXAMS,Sri Chaitanya Junior College ,3,3,1,6
726,CAREER LAUNCHER,Akshra English Medium School,4,3,1,2
727,ELITE POLYTECHNIC & APRJC COACHING CENTRE,Nri Academy,1,2,2,3
728,VIGNESH COACHING CENTRE,S V Defence Academy,4,4,4,1
729,DAMS SKY,Accord School,2,1,4,4
730,T.I.M.E. (TRIUMPHANT INSTITUTE OF MANAGEMENT EDUCATION),Academic Heights Public School - AHPS,3,4,1,6
731,Sheker'S IAS Study Circle,S V Defence Academy,1,2,4,2
732,IGNITE ACADEMY,S V Defence Academy,4,4,4,2
733,SAIMEDHA EDUCATIONAL INSTITUTE,Sri Chaitanya Junior College ,1,2,1,4
734,SREEDHAR'S CCE,Narayana Junior College,4,3,1,3
735,TALENTSPRINT PVT. LTD,S V Defence Academy,2,3,4,2
736,Sheker'S IAS Study Circle,Sri Padmavathi Women's Junior College ,3,2,2,6
737,BANKER'S ADDA,Academic Heights Public School - AHPS,2,3,2,2
738,Sheker'S IAS Study Circle,Arunodaya High School,1,1,5,5
739,CONDUIRA EDUCATION & TRAINING SERVICES PVT. LTD.,Alpha Gamma Sigma Junior College,3,2,1,5
740,KARTHIK INSTITUTE OF POLICE COACHING,Alpha Gamma Sigma Junior College,1,1,2,4
741,DAMS SKY,Accord School,4,2,1,1
742,ANALYST IAS ACADEMY,Accord School,3,3,3,6
743,AAKASH INSTITUTE OF MEDICAL IIT - JEE,Ashwamedha Junior College & Neet Medical Academy ,3,4,5,4
744,CAREER LAUNCHER,SEICOM JUNIOR & DEGREE & PG COLLEGE & CIVILS ACADEMY ,3,1,5,2
745,TALENTSPRINT PVT. LTD,Sri Padmavathi Women's Junior College ,2,3,5,2
746,IGNITE ACADEMY,Nri Academy,4,1,1,5
747,EMINENT COACHING CENTRE,Accord School,2,1,2,4
748,SREEDHAR'S CCE,SEICOM JUNIOR & DEGREE & PG COLLEGE & CIVILS ACADEMY ,1,3,2,1
749,CAREER LAUNCHER,SDHR Junior & Degree & Pg College ,1,1,4,2
750,PANDITHA SUDHA COACHING CENTRE,Anjali Junior College,1,1,1,3
751,SREEDHAR'S CCE,Anjali Junior College,2,2,5,3
752,Sheker'S IAS Study Circle,Akshara High School,3,2,5,3
753,CAREER LAUNCHER,Sri Chaitanya Junior College ,4,4,5,5
754,KARTHIK INSTITUTE OF POLICE COACHING,Arunodaya High School,1,4,4,4
755,EMINENT COACHING CENTRE,Narayana Junior College,3,3,3,3
756,RADHAKRISHNA EDUCATIONAL INSTITUTES,Ashwamedha Junior College & Neet Medical Academy ,2,2,2,5
757,TALENTSPRINT PVT. LTD,Akshara High School,4,2,5,6
758,MY CAREER POINT,Sri Chaitanya Junior College ,4,1,1,4
759,KARTHIK INSTITUTE OF POLICE COACHING,S V Defence Academy,1,1,4,2
760,BANKER'S ADDA,SEICOM JUNIOR & DEGREE & PG COLLEGE & CIVILS ACADEMY ,1,1,3,6
761,Sheker'S IAS Study Circle,Alpha Gamma Sigma Junior College,4,3,1,4
762,BHARATH DEFENCE COACHING CENTRE,Nri Academy,4,1,3,5
763,SRI VISWAM COACHING CENTRE,SEICOM JUNIOR & DEGREE & PG COLLEGE & CIVILS ACADEMY ,4,4,3,1
